name,rank,area_km2,gb_id,elev_min_m,elev_mean_m,elev_max_m,slope_mean_deg,pct_slope_lt5,pct_slope_5_15,pct_slope_15_25,pct_slope_gt25,pct_flood_very_high_high,pct_forest,pct_grassland,pct_cropland,pct_built_up,pct_water,pct_tree_canopy,mean_canopy_height_m,dominant_soil_wrb,pct_soil_hsg_d,n_buildings,building_footprint_ha,road_km,stream_density_km_km2
Apața,comună,53.429,2599482B72383256366849,467.6,631.3,953.4,11.12,13.6,29.5,24.4,32.4,10.3,61.3,26.1,11.0,1.4,0.2,54.4,12.6,Dystric Cambisols,100.0,1659,24.74,28.2,0.764
Augustin,comună,15.457,2599482B66290363520507,452.1,564.5,827.1,10.92,11.4,29.9,31.3,27.4,10.8,46.6,41.0,9.0,1.7,1.7,41.5,12.9,Luvic Stagnosols,96.9,753,5.79,13.5,0.866
Beclean,comună,72.995,2599482B11377759277161,417.5,497.1,654.2,5.52,39.1,39.3,14.5,7.1,20.7,22.7,42.8,32.8,1.0,0.7,17.0,10.7,Luvic Stagnosols,75.7,2381,32.33,59.9,0.952
Bod,comună,32.333,2599482B89671579374338,486.1,500.6,536.4,0.94,93.0,6.0,1.0,0.0,65.9,3.1,17.8,73.1,5.3,0.7,1.6,5.4,Gleyic Phaeozems,85.4,3425,53.03,69.8,1.31
Bran,comună,79.17,2599482B26594434202693,666.1,1149.0,2502.4,18.76,4.3,15.6,18.7,61.4,4.7,67.2,30.7,0.5,1.6,0.0,55.4,13.7,Dystric Cambisols,87.8,6433,82.26,145.5,0.89
Brașov,municipiu,186.938,2599482B43115927474837,500.8,795.2,1833.0,12.36,39.8,10.6,8.3,41.3,21.7,55.6,8.7,19.3,16.0,0.0,51.0,12.1,Dystric Cambisols,72.2,35165,934.58,987.2,1.008
Budila,comună,60.984,2599482B80060958139020,535.4,823.2,1229.9,13.66,18.9,10.1,22.5,48.5,7.2,74.0,16.5,7.7,1.2,0.2,67.6,12.7,Dystric Cambisols,81.2,2118,20.58,38.6,0.703
Bunești,comună,143.446,2599482B80312338976993,454.8,606.0,821.2,8.56,8.5,52.4,26.4,12.6,6.4,45.0,45.9,8.6,0.6,0.0,37.3,13.6,Luvic Stagnosols,74.9,2814,35.25,63.9,0.642
Cața,comună,119.673,2599482B43021810170030,456.7,552.5,817.3,6.65,15.9,60.0,20.2,4.0,13.5,17.9,67.5,13.9,0.7,0.0,16.5,15.6,Calcaric Regosols,7.7,2847,36.23,47.9,0.693
Cincu,comună,116.943,2599482B10737296571764,428.8,535.7,698.8,6.66,14.6,60.6,18.9,6.0,7.9,43.8,42.8,12.6,0.7,0.0,38.0,14.0,Luvic Stagnosols,92.2,2085,26.21,88.7,0.627
Codlea,municipiu,125.056,2599482B67290406557630,517.2,624.0,1300.2,8.13,41.7,21.2,13.6,23.5,18.5,50.7,18.6,26.8,3.4,0.2,48.5,17.8,Dystric Cambisols,73.9,6314,126.0,128.5,0.904
Comana,comună,97.815,2599482B70960517450841,434.5,572.4,1030.3,9.55,24.9,30.7,18.0,26.5,17.5,47.7,31.9,19.0,0.8,0.6,46.0,16.2,Luvic Stagnosols,85.0,1505,28.69,42.5,0.894
Cristian,comună,24.169,2599482B53089144578976,559.8,638.2,918.4,6.98,56.3,9.5,12.2,22.0,20.1,42.9,8.7,37.2,10.7,0.0,38.4,12.7,Haplic Phaeozems,42.6,4768,93.01,90.7,1.072
Crizbav,comună,53.093,2599482B31173771953984,518.0,683.8,1103.2,11.25,40.5,12.1,8.0,39.4,10.0,50.6,20.6,27.5,1.2,0.0,46.5,13.7,Dystric Cambisols,100.0,1562,23.97,30.1,0.841
Drăguș,comună,42.144,2599482B95636369250135,435.5,834.0,2441.1,11.06,55.4,10.4,2.5,31.7,10.1,38.8,35.8,24.1,1.2,0.0,33.5,13.8,Dystric Cambisols,100.0,1261,17.39,37.0,0.878
Dumbrăvița,comună,102.803,2599482B55040736650131,509.9,617.1,998.9,8.34,27.8,34.4,16.4,21.5,13.7,53.1,28.8,14.0,1.4,2.7,48.3,13.9,Retic Stagnosols,100.0,3725,44.01,73.4,0.883
Feldioara,comună,75.868,2599482B87521690287479,478.0,544.1,1090.9,4.21,66.4,18.2,6.4,9.0,37.0,23.2,20.1,50.0,2.6,3.9,20.9,13.5,Gleyic Phaeozems,90.2,2814,55.98,78.8,1.277
Fundata,comună,32.659,2599482B86942388549118,892.4,1208.1,1545.4,16.93,2.1,16.4,23.0,58.5,2.3,43.0,55.8,0.6,0.5,0.0,35.2,11.6,Rendzic Leptosols,100.0,2291,22.1,52.7,0.598
Făgăraș,municipiu,35.438,2599482B59919238366937,421.0,462.8,646.3,3.96,59.0,25.1,12.2,3.7,31.3,32.8,29.5,23.5,12.7,1.4,21.1,8.6,Luvic Stagnosols,77.9,7705,153.87,144.8,1.125
Ghimbav,oraș,27.072,2599482B88023161659536,514.2,544.3,569.8,0.86,95.2,4.4,0.3,0.0,43.0,3.5,10.5,72.2,11.9,1.2,1.8,5.8,Haplic Phaeozems,25.0,3413,102.16,110.3,1.406
Hoghiz,comună,178.304,2599482B55739363536318,439.5,606.9,1007.6,10.09,21.3,28.0,22.7,28.0,12.2,59.2,22.1,16.9,0.9,0.5,54.4,15.7,Dystric Cambisols,83.3,3178,41.72,77.3,0.757
Holbav,comună,29.037,2599482B87347061012561,596.9,791.6,1273.8,18.75,1.0,8.0,17.5,73.6,2.6,65.8,33.4,0.2,0.5,0.0,59.3,13.7,Dystric Cambisols,100.0,1056,7.89,35.1,0.669
Homorod,comună,118.392,2599482B44923820513317,448.2,564.4,863.4,7.8,17.1,45.6,25.6,11.7,13.8,39.6,48.1,11.6,0.7,0.0,37.6,15.9,Haplic Phaeozems,43.6,1884,30.83,42.0,0.732
Hârseni,comună,151.168,2599482B70771165019012,487.6,999.9,2296.8,16.21,30.4,9.1,6.2,54.4,7.8,65.6,22.9,11.0,0.6,0.0,61.2,14.5,Entic Podzols,77.2,2411,34.51,38.1,0.887
Hălchiu,comună,54.859,2599482B28757811683034,494.1,518.1,599.5,1.1,90.5,8.2,1.1,0.1,52.6,6.8,14.6,75.1,3.3,0.2,5.8,12.9,Gleyic Phaeozems,100.0,3891,60.66,69.7,1.363
Hărman,comună,54.916,2599482B74827756897733,493.3,529.1,706.3,1.64,91.2,4.4,1.6,2.7,45.9,7.5,22.3,64.3,5.3,0.6,6.0,9.9,Haplic Phaeozems,29.8,6400,79.31,133.9,1.62
Jibert,comună,166.181,2599482B80511177545168,464.7,566.9,739.7,7.39,10.8,58.9,23.3,7.0,9.7,24.5,62.2,12.9,0.4,0.0,22.0,14.4,Luvic Phaeozems,30.1,3134,36.47,67.5,0.69
Lisa,comună,89.048,2599482B61913429007955,494.3,1001.8,2275.4,16.26,34.4,10.3,4.3,51.0,7.4,58.4,24.2,16.6,0.7,0.0,51.2,15.0,Albic Podzols,84.2,2051,29.25,40.5,0.873
Moieciu,comună,109.999,2599482B36660136549746,759.4,1228.9,2226.8,22.22,1.5,5.8,11.1,81.6,3.3,69.3,29.7,0.1,0.8,0.0,61.8,14.1,Entic Podzols,100.0,6734,64.2,109.4,0.765
Mândra,comună,88.004,2599482B32750582414869,414.5,474.1,636.8,2.92,65.6,27.5,5.5,1.5,26.6,10.4,46.6,40.2,1.5,1.2,7.9,8.6,Luvic Stagnosols,58.0,3497,49.51,78.0,1.233
Măieruș,comună,64.854,2599482B58193518368289,471.5,657.5,1092.2,12.11,23.1,22.9,15.0,39.0,13.8,54.8,26.4,16.6,1.3,0.8,50.2,14.4,Dystric Cambisols,88.5,1680,23.12,39.0,0.862
Ormeniș,comună,32.378,2599482B25677324063372,458.5,615.7,986.2,10.22,19.7,24.7,27.6,28.0,17.3,53.4,26.6,18.1,1.2,0.6,50.9,14.9,Luvic Stagnosols,86.0,968,10.81,12.7,0.846
Poiana Mărului,comună,63.043,2599482B79917442697977,574.5,808.1,1210.9,18.64,1.0,8.4,18.3,72.4,2.4,58.2,41.1,0.2,0.5,0.0,51.2,12.7,Dystric Cambisols,91.2,2798,30.6,102.2,0.64
Predeal,oraș,63.311,2599482B30401095830513,824.8,1212.0,1722.4,17.24,2.3,12.5,21.9,63.2,3.8,92.8,4.8,0.1,2.3,0.0,87.1,15.9,Dystric Cambisols,45.7,2482,42.06,78.4,0.727
Prejmer,comună,58.622,2599482B31242475227113,497.0,523.7,586.2,0.91,96.1,3.2,0.6,0.1,48.2,6.1,18.7,69.3,5.5,0.2,5.7,12.0,Gleyic Phaeozems,55.0,5431,100.89,90.5,1.334
Părău,comună,116.523,2599482B71201196039236,432.5,553.7,1029.9,8.36,35.7,23.2,17.2,23.8,14.9,49.4,32.1,17.6,0.7,0.2,46.5,15.9,Luvic Stagnosols,92.1,1941,32.59,52.0,0.866
Racoș,comună,74.706,2599482B67476847069739,451.0,604.6,948.8,10.76,10.1,32.7,30.1,27.0,8.2,66.1,27.4,4.8,0.9,0.6,61.9,15.4,Luvic Stagnosols,99.4,1817,19.96,25.7,0.709
Recea,comună,161.787,2599482B10221924688269,456.0,947.3,2296.0,13.73,46.3,6.2,3.9,43.6,11.9,46.1,31.3,21.8,0.8,0.0,40.5,15.5,Dystric Cambisols,68.1,3689,58.16,88.6,1.053
Rupea,oraș,75.498,2599482B16674200014647,447.0,555.4,783.2,7.3,12.2,59.6,20.8,7.5,10.1,27.2,61.4,9.4,2.0,0.0,25.7,14.9,Calcaric Regosols,9.8,2703,42.51,57.8,0.698
Râșnov,oraș,152.448,2599482B99347531874723,555.7,954.9,2491.5,15.82,26.0,9.1,11.7,53.2,9.2,64.0,19.9,13.3,2.5,0.0,57.8,13.8,Dystric Cambisols,69.8,7816,119.68,211.1,0.911
Sâmbăta de Sus,comună,69.756,2599482B2272627924315,440.7,1093.5,2465.9,14.48,45.1,5.6,4.5,44.8,10.4,33.8,41.8,23.2,1.0,0.1,27.1,14.6,Entic Podzols,88.9,2029,25.04,51.2,0.99
Sânpetru,comună,28.432,2599482B44201222248053,496.0,532.3,711.2,2.6,82.5,7.5,4.4,5.6,33.7,14.5,29.3,45.6,10.3,0.0,11.2,14.1,Haplic Phaeozems,35.3,5242,77.2,133.5,1.122
Săcele,municipiu,321.368,2599482B39032167315521,544.2,1106.5,1941.0,18.0,10.7,8.1,15.3,65.9,4.8,78.4,12.0,7.2,1.9,0.4,71.1,13.5,Dystric Cambisols,44.9,11275,163.83,242.7,0.728
Teliu,comună,54.93,2599482B6146472281310,512.8,744.4,1228.6,12.82,17.8,11.8,27.4,43.1,10.4,68.0,19.2,11.1,1.5,0.0,60.9,12.5,Dystric Cambisols,100.0,2197,25.87,39.2,0.744
Ticuș,comună,69.507,2599482B19489151240121,454.4,547.2,690.3,6.45,11.9,67.1,17.4,3.6,7.8,35.3,53.7,10.7,0.4,0.0,32.2,15.9,Luvic Stagnosols,98.1,1086,13.15,27.6,0.641
Tărlungeni,comună,131.201,2599482B11414107906146,547.7,843.9,1613.2,12.33,24.1,12.1,22.3,41.4,6.6,62.6,19.7,15.0,2.4,0.1,55.2,11.9,Haplic Luvisols,44.6,8010,97.55,149.5,0.715
Ucea,comună,102.997,2599482B38717766097303,401.1,849.8,2423.7,13.57,38.2,17.2,8.0,36.6,12.5,46.3,36.7,13.8,2.0,1.1,38.6,14.3,Luvic Stagnosols,94.9,3433,47.36,76.5,1.014
Ungra,comună,68.461,2599482B21133330999622,439.0,522.3,673.1,6.46,22.5,50.8,20.6,6.1,19.7,29.1,52.9,16.8,0.9,0.3,25.8,14.5,Luvic Stagnosols,94.5,1292,20.47,35.7,0.781
Vama Buzăului,comună,161.037,2599482B50417013546573,718.3,990.5,1543.1,14.65,7.0,16.5,26.9,49.6,6.1,71.1,26.4,2.1,0.4,0.0,66.3,14.0,Dystric Cambisols,100.0,2281,32.96,50.6,0.779
Victoria,oraș,1.85,2599482B67973869892662,508.7,552.5,576.2,3.26,62.3,31.1,5.2,1.4,8.3,39.7,21.8,1.8,36.7,0.0,28.3,5.7,Dystric Cambisols,100.0,1152,20.02,23.5,1.037
Viștea,comună,100.021,2599482B58575749850312,402.9,782.5,2491.9,11.83,44.7,16.8,6.8,31.7,14.3,41.1,32.7,23.5,1.1,1.6,34.3,13.5,Luvic Stagnosols,87.4,2826,36.48,76.8,0.979
Voila,comună,84.095,2599482B13078719041336,410.5,460.0,641.7,3.04,71.2,18.4,7.2,3.3,30.9,20.3,34.0,41.9,1.5,2.3,15.6,11.2,Luvic Stagnosols,73.2,3351,50.39,90.8,1.442
Vulcan,comună,44.268,2599482B91896780036190,559.2,680.5,918.0,8.37,34.0,21.7,22.3,22.0,14.8,53.7,19.9,23.2,2.4,0.3,49.1,14.7,Haplic Luvisols,30.7,2867,37.4,52.2,0.939
Zărnești,oraș,198.238,2599482B21049619032220,649.8,1066.7,2228.6,20.79,9.4,9.8,9.7,71.1,5.8,77.9,16.1,3.9,2.1,0.0,72.6,14.1,Dystric Cambisols,81.7,9907,144.4,203.4,0.758
Șercaia,comună,92.484,2599482B18574543528453,427.0,472.1,632.0,3.44,63.3,24.5,8.7,3.5,30.7,24.5,32.6,40.7,1.5,0.7,22.7,15.0,Luvic Stagnosols,74.6,2826,49.46,71.9,1.134
Șinca,comună,180.467,2599482B93620310031935,451.2,690.3,1642.2,11.67,26.1,23.2,15.0,35.7,9.9,63.9,26.1,9.1,0.8,0.0,60.7,12.7,Dystric Cambisols,100.0,3649,45.8,97.5,0.844
Șinca Nouă,comună,81.453,2599482B61334346881644,508.5,747.7,1436.6,17.25,8.0,13.5,15.3,63.3,5.7,82.1,16.7,0.7,0.5,0.0,75.8,13.5,Dystric Cambisols,100.0,1472,18.7,28.6,0.765
Șoarș,comună,169.849,2599482B91433011273091,446.5,566.2,747.8,7.8,10.8,54.8,25.0,9.4,7.9,39.2,48.5,12.0,0.3,0.0,33.4,13.7,Luvic Stagnosols,66.4,2119,31.1,71.0,0.618
